﻿ID,카테고리,시나리오명,난이도,Python/JS_라이브러리,주요_처리_단계,n8n_노드_구성,적용_부서,도입_효과,확장_아이디어
시나리오_01,메일 자동화,메일 첨부파일 자동 다운로드 및 분류,입문,"imaplib, os, datetime",이메일 수신 → 첨부파일 추출 → 폴더별 저장 → 로그 작성,Gmail Trigger → IF Node → Move File → Google Sheets,"회계팀, 고객지원팀","월말 보고서 자동 분류, 고객 문의 첨부파일 정리 시간 70% 단축",OCR로 청구서 데이터 자동 추출 및 ERP 연동
시나리오_02,메일 자동화,이메일 자동 응답 및 분류,기초,"smtplib, email, re",메일 읽기 → 키워드 분석 → 자동 응답 생성 → 분류 라벨 부착,Gmail Trigger → Switch Node → Gmail Send → Set Labels,"고객서비스, 영업팀","고객 문의 응답 시간 80% 단축, 1차 응답 자동화",감정 분석으로 긴급도 자동 판별 및 에스컬레이션
시나리오_03,메일 자동화,대량 메일 발송 및 추적,중급,"pandas, jinja2, smtplib",수신자 목록 로드 → 템플릿 렌더링 → 개인화 발송 → 오픈율 추적,Google Sheets → Loop → Email Send → HTTP Request (tracking),"마케팅, HR","뉴스레터 발송 자동화, 개인화율 향상으로 오픈율 35% 증가",A/B 테스트 자동화 및 최적 발송 시간 학습
시나리오_04,파일 및 문서 처리,파일명 일괄 변경 및 정리,입문,"os, shutil, datetime",폴더 스캔 → 규칙 적용 → 파일명 변경 → 백업,Schedule Trigger → Read Files → Set → Move/Rename File,전 부서,"파일 검색 시간 60% 단축, 명명 규칙 표준화",파일 내용 분석으로 자동 태깅 및 분류
시나리오_05,파일 및 문서 처리,PDF 자동 생성 및 배포,기초,"reportlab, PyPDF2, pandas",데이터 조회 → PDF 템플릿 적용 → 생성 → 이메일 발송,Schedule → Database Query → HTTP (PDF API) → Email,"재무팀, 영업팀",주간 보고서 생성 시간 90% 단축 (8시간→45분),인터랙티브 대시보드 포함 PDF 자동 생성
시나리오_06,파일 및 문서 처리,엑셀 데이터 통합 및 리포트 자동화,기초,"pandas, openpyxl, xlsxwriter",다중 파일 로드 → 데이터 병합 → 집계 계산 → 리포트 생성,Schedule → Read Binary Files → Function → Spreadsheet File,"재무, 운영팀","월간 보고서 작성 시간 70% 단축, 오류율 95% 감소",실시간 대시보드 연동 및 이상치 자동 알림
시나리오_07,파일 및 문서 처리,문서 승인 워크플로우 자동화,중급,"docx-python, flask, sqlalchemy",문서 업로드 → 승인자 라우팅 → 알림 발송 → 상태 추적,Webhook → IF (조건) → Multiple Email → Update Database,전 부서,"승인 소요 시간 75% 단축 (7일→1.75일), 병목 가시화",AI로 승인 필요 항목 자동 하이라이트
시나리오_08,파일 및 문서 처리,OCR 기반 청구서 데이터 추출,중급,"pytesseract, opencv, pandas",이미지/PDF 로드 → OCR 처리 → 데이터 추출 → DB 저장,Email Trigger → HTTP (OCR API) → Set → MySQL,"회계팀, 구매팀","청구서 처리 시간 85% 단축, 연간 비용 30% 절감",3-way 매칭 자동화 (PO-영수증-청구서)
시나리오_09,데이터 처리 및 ETL,CSV 파일 변환 및 정제,입문,"pandas, numpy",파일 읽기 → 결측치 처리 → 포맷 변환 → 저장,Schedule → Read File → Function (transform) → Write File,"데이터팀, 분석팀","데이터 정제 시간 80% 단축, 일관성 보장",데이터 품질 자동 검증 및 알림
시나리오_10,데이터 처리 및 ETL,데이터베이스 백업 자동화,기초,"subprocess, zipfile, boto3",DB 덤프 → 압축 → 클라우드 업로드 → 알림,Schedule → Execute Command → AWS S3 → Slack,"IT팀, 개발팀","백업 누락 제로화, 복구 시간 90% 단축",자동 복구 테스트 및 무결성 검증
시나리오_11,데이터 처리 및 ETL,ETL 파이프라인 구축,중급,"pandas, sqlalchemy, apache-airflow",다중 소스 추출 → 변환/집계 → 데이터 웨어하우스 적재,Schedule → Multiple DB Queries → Merge → PostgreSQL,"데이터팀, BI팀","데이터 파이프라인 구축 시간 60% 단축, 신뢰성 향상",실시간 스트리밍 데이터 처리 확장
시나리오_12,데이터 처리 및 ETL,API 데이터 수집 및 저장,기초,"requests, json, schedule",API 호출 → JSON 파싱 → 데이터 정규화 → DB 저장,Schedule → HTTP Request → Function → Database Insert,"마케팅, 영업팀","실시간 데이터 수집, 수동 작업 100% 제거",API 장애 감지 및 재시도 로직
시나리오_13,웹 크롤링 및 모니터링,경쟁사 가격 모니터링,중급,"beautifulsoup4, selenium, pandas",웹페이지 접속 → 데이터 추출 → 가격 비교 → 알림,Schedule → HTTP Request → HTML Extract → IF → Slack,"마케팅, 상품기획","가격 변동 실시간 파악, 대응 시간 95% 단축",가격 최적화 AI 모델 연동
시나리오_14,웹 크롤링 및 모니터링,구인공고 자동 수집 및 분석,중급,"selenium, beautifulsoup4, nltk",사이트 크롤링 → 공고 파싱 → 키워드 추출 → DB 저장,Schedule → HTTP Request → HTML Extract → Set → MySQL,"HR, 경영지원","채용 트렌드 분석, 경쟁사 채용 동향 파악",지원자 자동 매칭 시스템
시나리오_15,웹 크롤링 및 모니터링,뉴스 및 키워드 모니터링,기초,"requests, beautifulsoup4, re",RSS/웹 크롤링 → 키워드 필터링 → 요약 생성 → 알림,Schedule → RSS Read → IF → Slack/Email,"PR팀, 경영진","이슈 대응 시간 80% 단축, 브랜드 모니터링 강화",감정 분석 및 위기 조기 경보
시나리오_16,웹 크롤링 및 모니터링,웹사이트 가동 상태 모니터링,입문,"requests, time, smtplib",URL 핑 → 응답 코드 확인 → 로그 기록 → 알림,Schedule → HTTP Request → IF → Multiple Notifications,"IT운영팀, 개발팀","다운타임 80% 감소, 평균 복구 시간 70% 단축",성능 메트릭 수집 및 이상 탐지
시나리오_17,알림 및 커뮤니케이션,Slack 자동 알림 및 보고,입문,"slack-sdk, requests",이벤트 감지 → 메시지 포맷 → Slack 전송,Trigger (any) → Set → Slack Send Message,전 부서,실시간 알림으로 대응 시간 60% 단축,인터랙티브 버튼으로 승인 프로세스 통합
시나리오_18,알림 및 커뮤니케이션,회의 일정 자동 조율,중급,"google-calendar-api, datetime, pytz",참석자 가용성 조회 → 최적 시간 계산 → 초대 발송,Webhook → Google Calendar (free/busy) → Function → Calendar Event,전 부서,"회의 일정 조율 시간 85% 단축, 회의 충돌 90% 감소",회의실 및 장비 자동 예약
시나리오_19,알림 및 커뮤니케이션,팀 일일 리포트 자동 생성,기초,"jira-python, pandas, slack-sdk",작업 데이터 조회 → 진행 상황 집계 → 리포트 생성 → 전송,Schedule → Jira → Aggregate → Slack,"개발팀, 프로젝트팀","일일 리포트 작성 시간 100% 절약, 투명성 향상",리스크 자동 감지 및 조기 경보
시나리오_20,HR 및 온보딩,신입사원 온보딩 자동화,중급,"requests, jinja2, schedule",입사 정보 수신 → 계정 생성 → 문서 발송 → 일정 등록,Webhook → Multiple API calls → Email → Calendar,"HR, IT","온보딩 시간 60% 단축, 준비 누락 제로화",개인화된 온보딩 경로 자동 생성
시나리오_21,HR 및 온보딩,휴가 신청 및 승인 자동화,기초,"flask, sqlalchemy, smtplib",신청서 제출 → 승인 라우팅 → 캘린더 업데이트 → 알림,Webhook → IF → Email → Google Calendar → Database,"HR, 전 부서","승인 시간 70% 단축, 휴가 관리 효율 향상",휴가 패턴 분석 및 인력 계획
시나리오_22,HR 및 온보딩,근태 데이터 수집 및 리포트,기초,"pandas, datetime, openpyxl",출퇴근 데이터 수집 → 근무 시간 계산 → 이상 감지 → 리포트,Schedule → API Query → Function → Excel → Email,"HR, 경영지원","급여 처리 시간 80% 단축, 근태 이상 자동 감지",생산성 패턴 분석 및 인사이트
시나리오_23,영업 및 CRM,리드 자동 스코어링 및 할당,중급,"requests, pandas, sklearn",리드 데이터 수집 → 스코어 계산 → 우선순위 지정 → CRM 업데이트,Webhook → Function (scoring) → IF → CRM Update → Slack,"영업팀, 마케팅","리드 전환율 40% 향상, 영업 효율 증대",예측 모델로 성공 확률 계산
시나리오_24,영업 및 CRM,고객 팔로업 자동화,기초,"requests, jinja2, schedule",상호작용 추적 → 팔로업 타이밍 계산 → 이메일 생성 → 발송,Schedule → CRM Query → IF → Email Send → CRM Update,"영업팀, 고객성공팀","팔로업 누락 95% 감소, 고객 만족도 향상",개인화 추천 엔진 통합
시나리오_25,영업 및 CRM,계약서 자동 생성 및 전송,중급,"docxtpl, PyPDF2, requests",CRM 데이터 조회 → 템플릿 생성 → PDF 변환 → 전자서명 요청,Webhook → CRM → Function → PDF Generator → DocuSign,"영업팀, 법무팀","계약 체결 시간 75% 단축, 오류율 90% 감소",계약 조건 AI 최적화
시나리오_26,재무 및 회계,청구서 자동 처리 (AP 자동화),중급,"pytesseract, pandas, sqlalchemy",청구서 수신 → OCR 데이터 추출 → 3-way 매칭 → 승인 라우팅,Email → OCR API → Database Query → IF → Approval → ERP,"회계팀, 구매팀","처리 시간 85% 단축, 비용 30% 절감 (Siemens 사례)",이상 거래 자동 탐지 및 알림
시나리오_27,재무 및 회계,경비 보고서 자동화,기초,"PIL, pandas, smtplib",영수증 업로드 → OCR 처리 → 비용 분류 → 승인 요청,Webhook → OCR → Function → Database → Email,"전 부서, 회계팀","경비 처리 시간 70% 단축, 정확도 향상",예산 초과 자동 경고 및 분석
시나리오_28,재무 및 회계,재무 리포트 자동 생성,중급,"pandas, matplotlib, reportlab",데이터 조회 → 집계 및 분석 → 차트 생성 → PDF 리포트,Schedule → Database → Function → Chart → PDF → Email,"재무팀, 경영진",월간 리포트 작성 시간 90% 단축 (8시간→45분),예측 분석 및 시나리오 시뮬레이션
시나리오_29,AI 및 LLM 응용 (고급),AI 기반 이메일 자동 분류 및 요약,고급,"openai, transformers, pandas",이메일 수신 → LLM 분석 → 카테고리 분류 → 요약 생성 → 라우팅,Gmail Trigger → OpenAI → Switch → Set → Multiple actions,"고객지원, 영업팀","이메일 분류 정확도 95%, 1차 응답 시간 85% 단축",감정 분석 기반 우선순위 자동 조정
시나리오_30,AI 및 LLM 응용 (고급),문서 자동 번역 및 다국어 처리,고급,"openai, googletrans, docx",문서 업로드 → 텍스트 추출 → AI 번역 → 포맷 유지 → 저장,Webhook → Extract Text → OpenAI (translation) → Generate Doc → Save,"글로벌 운영팀, 마케팅","번역 비용 80% 절감, 처리 시간 90% 단축",맥락 기반 전문 용어 자동 처리
시나리오_31,AI 및 LLM 응용 (고급),AI 챗봇 기반 FAQ 자동 응답,고급,"openai, langchain, chromadb",질문 수신 → 벡터 검색 → LLM 답변 생성 → 응답 발송,Slack Trigger → Pinecone → OpenAI → Slack Reply,"IT지원, 고객서비스","문의 응답률 95%, 상담사 업무량 60% 감소",대화 이력 학습으로 정확도 지속 향상
시나리오_32,AI 및 LLM 응용 (고급),회의록 자동 생성 및 액션 아이템 추출,고급,"openai-whisper, openai, python-docx",음성 녹음 → STT 변환 → LLM 요약 → 액션 아이템 추출 → 분배,Webhook → Whisper API → OpenAI → Parse → Multiple assignments,전 부서,"회의록 작성 시간 100% 절약, 액션 아이템 추적율 향상",자동 팔로업 알림 및 진행 상황 추적
시나리오_33,AI 및 LLM 응용 (고급),고객 피드백 감정 분석 및 인사이트,고급,"openai, pandas, matplotlib",피드백 수집 → 감정 분석 → 주제 추출 → 트렌드 분석 → 리포트,Schedule → Database → OpenAI (sentiment) → Aggregate → Dashboard,"고객경험팀, 제품팀","고객 불만 조기 발견, 제품 개선 인사이트 도출",실시간 고객 감정 대시보드 및 알림
시나리오_34,AI 및 LLM 응용 (고급),AI 기반 콘텐츠 자동 생성,고급,"openai, jinja2, requests",데이터 입력 → 프롬프트 생성 → AI 콘텐츠 작성 → 검토 → 발행,Schedule → Database → OpenAI → Human Review → CMS Publish,"마케팅, 콘텐츠팀","콘텐츠 제작 시간 70% 단축, 일관성 향상",A/B 테스트 자동화 및 성과 분석
시나리오_35,AI 및 LLM 응용 (고급),계약서 자동 검토 및 리스크 분석,AI응용,"openai, PyPDF2, pandas",계약서 업로드 → 텍스트 추출 → AI 분석 → 리스크 플래그 → 알림,Webhook → Extract Text → OpenAI → IF → Legal Team Notification,"법무팀, 구매팀","검토 시간 80% 단축, 리스크 식별율 향상",과거 계약 학습으로 표준 조항 자동 제안
시나리오_36,AI 및 LLM 응용 (고급),지능형 데이터 품질 검증,AI응용,"openai, pandas, great_expectations",데이터 로드 → AI 이상 탐지 → 패턴 분석 → 자동 수정 제안,Schedule → Database → OpenAI → IF → Data Quality Report,"데이터팀, BI팀","데이터 품질 향상, 수동 검증 시간 90% 절감",예측 기반 데이터 오류 방지
