{
  "난이도별_학습_경로": {
    "입문 (5개)": [
      "메일 첨부파일 자동 다운로드",
      "파일명 일괄 변경",
      "CSV 데이터 정제",
      "웹사이트 가동 상태 모니터링",
      "Slack 자동 알림"
    ],
    "기초 (11개)": [
      "이메일 자동 응답",
      "PDF 자동 생성",
      "엑셀 리포트 자동화",
      "데이터베이스 백업",
      "API 데이터 수집",
      "뉴스 모니터링",
      "팀 리포트 생성",
      "휴가 신청 승인",
      "근태 리포트",
      "고객 팔로업",
      "경비 보고서"
    ],
    "중급 (12개)": [
      "대량 메일 발송",
      "문서 승인 워크플로우",
      "OCR 청구서 처리",
      "ETL 파이프라인",
      "경쟁사 가격 모니터링",
      "구인공고 수집",
      "회의 일정 조율",
      "신입사원 온보딩",
      "리드 자동 스코어링",
      "계약서 자동 생성",
      "청구서 자동 처리",
      "재무 리포트"
    ],
    "고급_AI응용 (8개)": [
      "AI 이메일 분류/요약",
      "문서 자동 번역",
      "AI 챗봇 FAQ",
      "회의록 자동 생성",
      "감정 분석",
      "AI 콘텐츠 생성",
      "계약서 리스크 분석",
      "데이터 품질 검증"
    ]
  },
  "자주_사용하는_Python_라이브러리": {
    "메일_처리": [
      "imaplib",
      "smtplib",
      "email"
    ],
    "파일_작업": [
      "os",
      "shutil",
      "pathlib"
    ],
    "데이터_처리": [
      "pandas",
      "numpy",
      "openpyxl"
    ],
    "웹_크롤링": [
      "beautifulsoup4",
      "selenium",
      "requests"
    ],
    "PDF_작업": [
      "PyPDF2",
      "reportlab",
      "pdfplumber"
    ],
    "OCR": [
      "pytesseract",
      "opencv-python"
    ],
    "데이터베이스": [
      "sqlalchemy",
      "psycopg2",
      "pymongo"
    ],
    "스케줄링": [
      "schedule",
      "APScheduler",
      "celery"
    ],
    "AI_LLM": [
      "openai",
      "langchain",
      "transformers"
    ],
    "API_통합": [
      "requests",
      "flask",
      "fastapi"
    ]
  },
  "자주_사용하는_n8n_노드": {
    "트리거": [
      "Schedule",
      "Webhook",
      "Gmail Trigger",
      "Slack Trigger"
    ],
    "데이터_소스": [
      "MySQL",
      "PostgreSQL",
      "Google Sheets",
      "Airtable"
    ],
    "변환": [
      "Function",
      "Code",
      "Set",
      "IF",
      "Switch"
    ],
    "통합": [
      "HTTP Request",
      "OpenAI",
      "Slack",
      "Email Send"
    ],
    "파일": [
      "Read Binary Files",
      "Write Binary File",
      "Move File"
    ],
    "집계": [
      "Aggregate",
      "Split In Batches",
      "Merge"
    ]
  },
  "도구_선택_가이드": {
    "Python이_적합한_경우": [
      "복잡한 데이터 변환 및 분석",
      "머신러닝 모델 통합",
      "대용량 데이터 처리",
      "커스텀 알고리즘 필요",
      "기존 Python 인프라 존재"
    ],
    "n8n이_적합한_경우": [
      "빠른 프로토타이핑 필요",
      "시각적 워크플로우 관리",
      "비개발자 협업 필요",
      "다양한 서비스 통합",
      "간단한 로직 자동화"
    ],
    "하이브리드_접근": [
      "n8n으로 전체 워크플로우 구성",
      "복잡한 로직은 Python Function/Code 노드",
      "n8n Webhook으로 Python 스크립트 트리거",
      "Python으로 전처리 후 n8n으로 분기"
    ]
  },
  "실무_적용_팁": {
    "시작_단계": [
      "1. 가장 반복적이고 시간 소모적인 작업 식별",
      "2. 입문 난이도 시나리오로 시작",
      "3. 작은 성공 사례로 팀 신뢰 구축",
      "4. 점진적으로 복잡도 증가"
    ],
    "구현_우선순위": [
      "1. ROI가 명확한 작업 (시간 절감 측정 가능)",
      "2. 에러율이 높은 수작업",
      "3. 병목이 발생하는 프로세스",
      "4. 규정 준수가 중요한 작업"
    ],
    "성공_요인": [
      "명확한 프로세스 문서화",
      "에러 핸들링 및 로깅 구축",
      "모니터링 및 알림 설정",
      "정기적인 유지보수 계획",
      "사용자 교육 및 문서화"
    ]
  }
}